Arizona Cardinals,ARI
Phoenix Cardinals,ARI
St. Louis Cardinals,ARI
Atlanta Falcons,ATL
Baltimore Ravens,BAL
Buffalo Bills,BUF
Carolina Panthers,CAR
Chicago Bears,CHI
Cincinnati Bengals,CIN
Cleveland Browns,CLE
Dallas Cowboys,DAL
Denver Broncos,DEN
Detroit Lions,DET
Green Bay Packers,GB
Houston Texans,HOU
Baltimore Colts,IND
Indianapolis Colts,IND
Jacksonville Jaguars,JAX
Kansas City Chiefs,KC
Los Angeles Chargers,LAC
San Diego Chargers,LAC
Los Angeles Rams,LAR
St. Louis Rams,LAR
Miami Dolphins,MIA
Minnesota Vikings,MIN
New England Patriots,NE
Boston Patriots,NE
New Orleans Saints,NO
New York Giants,NYG
New York Jets,NYJ
Los Angeles Raiders,LVR
Las Vegas Raiders,LVR
Oakland Raiders,LVR
Philadelphia Eagles,PHI
Pittsburgh Steelers,PIT
Seattle Seahawks,SEA
San Francisco 49ers,SF
Tampa Bay Buccaneers,TB
Houston Oilers,TEN
Tennessee Oilers,TEN
Tennessee Titans,TEN
Washington Redskins,WAS
Washington Football Team,WAS
Football Team,WAS
Cardinals,ARI
Falcons,ATL
Ravens,BAL
Bills,BUF
Panthers,CAR
Bears,CHI
Bengals,CIN
Browns,CLE
Cowboys,DAL
Broncos,DEN
Lions,DET
Packers,GB
Texans,HOU
Colts,IND
Jaguars,JAX
Chiefs,KC
Chargers,LAC
Rams,LAR
Dolphins,MIA
Vikings,MIN
Patriots,NE
Saints,NO
Giants,NYG
Jets,NYJ
Raiders,LVR
Eagles,PHI
Steelers,PIT
Seahawks,SEA
49ers,SF
Buccaneers,TB
Oilers,TEN
Titans,TEN
Washington,WAS
ARI,ARI
ATL,ATL
BAL,BAL
BUF,BUF
CAR,CAR
CHI,CHI
CIN,CIN
CLE,CLE
DAL,DAL
DEN,DEN
DET,DET
GB,GB
HOU,HOU
IND,IND
JAX,JAX
KC,KC
LAC,LAC
LAR,LAR
MIA,MIA
MIN,MIN
NE,NE
NO,NO
NYG,NYG
NYJ,NYJ
LVR,LVR
PHI,PHI
PIT,PIT
SEA,SEA
SF,SF
TB,TB
TEN,TEN
WAS,WAS
Arizona,ARI
Atlanta,ATL
Baltimore,BAL
Buffalo,BUF
Carolina,CAR
Chicago,CHI
Cincinnati,CIN
Cleveland,CLE
Dallas,DAL
Denver,DEN
Detroit,DET
Green Bay,GB
Houston,HOU
Indianapolis,IND
Jacksonville,JAX
Kansas City,KC
Miami,MIA
Minnesota,MIN
New England,NE
New Orleans,NO
Oakland,LVR
Philadelphia,PHI
Pittsburgh,PIT
Seattle,SEA
San Francisco,SF
Tampa Bay,TB
Tennessee,TEN
LA Chargers,LAC
LA Rams,LAR
NY Jets,NYJ
Bucs,TB
NY Giants,NYG